Id,Main_city_center,oefua_id
3443,0,ARG03340
3495,0,ARG03340
3547,1,ARG03340
214,1,ARG00358
4443,1,ARG04215
4481,0,ARG04215
2335,1,ARG02285
1476,1,ARG01467
526,1,ARG00652
212,1,BOL00209
1375,1,BOL01570
666,1,BOL00800
2258,1,BRA02219
2618,1,BRA02559
1162,1,CHL010C
1271,0,CHL010C
2334,1,CHL011C
2409,0,CHL011C
2480,0,CHL011C
2550,0,CHL011C
1668,1,CHL020C
1760,0,CHL020C
1848,0,CHL020C
1934,0,CHL020C
2017,0,CHL020C
217,1,PRY00465
3440,1,PER03271
2171,1,PER02327
4443,1,ARG04215
4592,0,ARG04215
4666,1,ARG04349
7395,0,BRA06700
7425,1,BRA06700
6593,1,BRA06108
4880,0,BRA04809
4945,1,BRA04809
6668,1,BRA06169
7676,1,BRA06870
7684,0,BRA06870
7692,0,BRA06870
7700,0,BRA06870
7729,0,BRA06870
7736,0,BRA06870
7220,0,BRA06567
7255,0,BRA06567
7277,1,BRA06567
7310,0,BRA06567
7332,0,BRA06567
7343,0,BRA06567
7354,0,BRA06567
7415,0,BRA06567
8308,0,BRA07353
8313,1,BRA07353
7792,0,BRA06961
7799,1,BRA06961
7813,0,BRA06961
7820,0,BRA06961
7834,0,BRA06961
7855,0,BRA06961
7876,0,BRA06961
8238,1,BRA07303
8250,0,BRA07303
6961,1,BRA06369
7470,1,BRA06728
5835,0,BRA05465
5855,1,BRA05465
5875,0,BRA05465
5952,0,BRA05465
6043,0,BRA05465
6097,0,BRA05465
6168,0,BRA05465
6202,0,BRA05465
6236,0,BRA05465
8353,1,BRA07390
6350,1,BRA05926
6366,0,BRA05926
7052,1,BRA06416
5971,1,BRA05593
670,0,URY00906
804,1,URY00906
931,0,URY00906
3350,1,AGO02746
1082,1,AGO00506
1403,0,AGO00506
1503,0,AGO00506
1600,0,AGO00506
1901,0,MDG00723
1985,1,MDG00723
305,0,MWI00446
461,1,MWI00446
873,1,MWI00730
159,1,MUS00121
116,1,LSO00101
591,1,BWA00666
1892,1,MOZ01789
126,0,MOZ00118
299,1,MOZ00118
429,1,NAM00292
2892,0,ZAF02681
2954,1,ZAF02681
2124,1,ZAF01737
1880,0,ZAF01647
1965,0,ZAF01647
2045,1,ZAF01647
2203,0,ZAF01647
2436,1,ZAF02060
274,0,ZAF00189
431,1,ZAF00189
575,0,ZAF00189
3298,0,ZAF03337
3512,1,ZAF03337
3899,0,ZAF03337
3986,0,ZAF03337
4111,0,ZAF03337
4604,1,ZAF04314
3899,0,ZAF03700
3943,1,ZAF03700
4787,1,ZAF04513
1517,1,ZMB01986
1613,0,ZMB01986
2130,1,ZMB02351
1705,0,ZMB02061
1796,1,ZMB02061
117,1,ZWE00191
1419,1,ZWE01558
1519,0,ZWE01558
7783,1,IDN06666
7797,0,IDN06666
7804,0,IDN06666
179,0,AUS04C
346,0,AUS04C
498,1,AUS04C
640,0,AUS04C
355,1,FJI00057
1922,1,AUS07C
2086,0,AUS01C
2166,0,AUS01C
2245,0,AUS01C
2324,1,AUS01C
1459,0,AUS02C
1559,0,AUS02C
1655,0,AUS02C
1747,1,AUS02C
1835,0,AUS02C
2606,0,AUS03C
2734,1,AUS03C
2984,0,AUS03C
3044,0,AUS03C
3103,0,AUS03C
909,0,AUS05C
1029,1,AUS05C
1145,0,AUS05C
1147,1,NZL00869
505,1,NZL00454
647,0,NZL00454
353,1,NZL00300
1360,1,PNG00875
3,0,USM35
193,1,USM35
356,0,USM35
19,1,BHS00017
32,1,BRB00023
2089,1,GTM02162
2169,0,GTM02162
2248,0,GTM02162
33,1,GUY00251
1269,1,HTI01302
661,0,JAM00566
795,1,JAM00566
1377,1,BRA01477
2676,1,COL02C
2739,0,COL02C
3968,1,COL04C
3275,1,COL05C
3595,0,COL05C
3647,0,COL05C
3107,1,COL09C
1158,1,COL03C
1266,0,COL03C
207,0,COL07C
4943,1,COL07C
4627,0,COL06C
4701,1,COL06C
4738,0,COL06C
3881,1,COL01C
4052,0,COL01C
363,1,CRI00224
513,0,CRI00224
367,1,CUB00225
517,0,CUB00225
659,0,CUB00225
793,0,CUB00225
1473,0,DOM01674
1667,1,DOM01674
792,1,ECU00818
919,0,ECU00818
2544,1,ECU02569
2610,0,ECU02569
652,0,SLV00888
788,0,SLV00888
916,1,SLV00888
1036,0,SLV00888
1151,0,SLV00888
6131,1,MEX03C
4364,1,MEX17C
5402,1,MEX01C
5526,0,MEX01C
5550,0,MEX01C
5597,0,MEX01C
5665,0,MEX01C
3105,1,MEX02C
3163,0,MEX02C
5853,1,MEX04C
5912,0,MEX04C
5243,1,MEX05C
5271,0,MEX05C
4478,1,MEX07C
5097,1,MEX08C
6875,1,MEX09C
5215,1,MEX11C
5376,1,MEX14C
6501,1,MEX19C
4212,1,MEX21C
4589,0,MEX22C
4663,1,MEX22C
6441,1,MEX23C
6456,0,MEX23C
6364,0,MEX26C
6396,1,MEX26C
6959,1,MEX28C
6183,1,MEX24C
2401,1,MEX16C
5873,1,MEX27C
6726,1,MEX31C
362,1,NIC00594
658,1,PAN00740
1156,1,PER01431
920,0,PER01330
1040,1,PER01330
213,1,PRI1
376,0,PRI1
34,1,SUR00162
7142,0,USM11
7168,1,USM11
4591,1,VEN04610
4628,0,VEN04610
2614,1,VEN02801
2678,0,VEN02801
2742,0,VEN02801
3109,1,VEN03284
1268,1,VEN01459
3387,1,VEN03611
3493,0,VEN03611
3597,0,VEN03611
3699,0,VEN03611
3747,0,VEN04040
3837,1,VEN04040
1365,1,HND01301
3709,1,NGA03367
2996,1,CIV02629
2486,1,CIV02223
391,1,MLI00586
537,0,MLI00586
678,0,MLI00586
222,1,MRT00289
40,1,GMB00066
221,0,GMB00066
1284,1,GHA01296
1678,0,GHA01296
3175,1,GHA02940
3341,0,GHA02940
43,1,GNB00067
673,1,GIN00550
50,1,LBR00098
1588,1,BEN01657
7365,1,BRA06639
8363,1,BRA07406
8368,0,BRA07406
8148,0,BRA07226
8154,1,BRA07226
7652,1,BRA06852
8388,1,BRA07418
8408,0,BRA07418
4593,1,BRA04483
8403,1,BRA07434
1487,1,BFA01834
548,1,NER00448
2880,1,NGA02526
1589,1,NGA01217
550,0,NGA00865
823,0,NGA00865
1183,0,NGA00865
1289,1,NGA00865
2032,0,NGA00865
2690,0,NGA00865
39,1,SEN00153
47,1,SLE00156
820,1,TGO01245
4060,0,TGO01245
3709,1,NGA03367
414,1,GAB00241
2902,1,KEN03056
1717,1,KEN02171
1894,0,KEN02171
2058,0,KEN02171
325,1,ARE00195
479,0,ARE00195
622,0,ARE00195
759,0,ARE00195
887,0,ARE00195
295,1,BDI00363
832,1,CMR00809
2276,1,CMR02295
582,1,CAF00524
722,0,CAF00524
424,1,TCD00483
427,1,COG00811
85,1,COG00035
1876,1,COD01385
1961,0,COD01385
474,1,DJI00045
1007,1,ARE00357
1123,0,ARE00357
1232,0,ARE00357
7222,1,EGY06229
76,1,GNQ00068
750,1,ERI00542
5862,1,ETH05821
8125,1,NGA06995
8209,0,NGA06995
7543,1,NGA06556
7516,1,NGA06529
7333,0,NGA06502
7366,0,NGA06502
7471,1,NGA06502
7525,0,NGA06502
7751,0,NGA06502
5935,1,NGA05294
7807,1,NGA06768
6934,0,NGA06116
7092,1,NGA06116
7278,0,NGA06116
7669,0,NGA06644
7716,1,NGA06644
8263,1,NGA07140
7209,1,NGA06256
4183,1,NGA03810
8564,1,NGA07524
1124,1,OMN01110
153,1,QAT00146
619,0,QAT00146
597,1,RWA01338
749,1,SAU01009
1531,1,SAU01625
1627,0,SAU01625
3026,1,SAU03327
3086,0,SAU03327
3144,0,SAU03327
997,0,SAU01234
1112,1,SAU01234
1222,0,SAU01234
1328,0,SAU01234
1431,0,SAU01234
4155,1,SDN03226
4194,0,SDN03226
4308,0,SDN03226
4346,0,SDN03226
4384,0,SDN03226
3466,0,TZA03280
3570,1,TZA03280
3193,1,TZA03023
3079,1,TZA02797
2053,1,TZA01639
1711,1,UGA01899
3380,1,MYS03010
176,1,MYS00123
2160,1,MYS01790
2918,0,MYS02524
2979,1,MYS02524
2239,1,MYS01874
1552,0,MYS01322
1648,1,MYS01322
1740,0,MYS01322
1916,0,MYS01322
2000,0,MYS01322
1351,1,MYS01103
2601,0,MYS02178
2665,1,MYS02178
637,1,MYS00591
2080,1,MYS01702
3040,1,MYS02656
165,1,MDV00110
11155,0,HKG00073
11185,1,HKG00073
7021,1,IND06651
10300,1,IND09850
10314,0,IND09850
11122,1,IND10354
9160,1,IND08611
9714,1,IND09282
8728,1,IND08052
8934,1,IND08319
8968,0,IND08319
8996,0,IND08319
8258,1,IND07617
8270,0,IND07617
8954,1,IND08341
9410,1,IND08952
9422,0,IND08952
9800,1,IND09368
8886,1,IND08258
10972,0,IND10243
10998,1,IND10243
9558,1,IND09099
9664,0,IND09099
9880,1,IND09444
6913,1,IND06611
7215,0,IND06611
10008,1,IND09562
10028,0,IND09562
10124,0,IND09562
11118,1,IND10350
11130,0,IND10350
9586,0,IND09157
9612,1,IND09157
9616,0,IND09157
9668,0,IND09157
9390,1,IND08896
9054,0,IND08497
9106,0,IND08497
9108,1,IND08497
9112,0,IND08497
3823,1,IND03722
9996,1,IND09564
6178,1,IND06016
10176,1,IND09732
10540,0,IND10017
10586,1,IND10017
10792,0,IND10142
10796,1,IND10142
10806,0,IND10142
10824,0,IND10142
10250,0,IND09834
10290,1,IND09834
8662,0,IND07961
8672,1,IND07961
11066,0,IND10313
11080,1,IND10313
11090,0,IND10313
11128,0,IND10313
6143,1,IND05991
6161,0,IND05991
6280,0,IND05991
9466,1,IND09007
9500,0,IND09007
8234,1,IND07601
10074,1,IND09620
10080,0,IND09620
9510,1,IND09069
9380,0,IND08900
9386,1,IND08900
8012,1,IND07499
9814,1,IND09376
8565,1,IND07839
10970,1,IND10237
8866,1,IND08226
9978,1,IND09544
10832,1,IND10168
9620,1,IND09165
9624,0,IND09165
9230,1,IND08673
9524,1,IND09045
9630,0,IND09045
10224,1,IND09794
10228,0,IND09794
11032,1,IND10285
11334,0,IND10452
11346,0,IND10452
11352,1,IND10452
11384,0,IND10452
11394,0,IND10452
11396,0,IND10452
11406,0,IND10452
11416,0,IND10452
11422,0,IND10452
11424,0,IND10452
7599,1,IND07163
7739,0,IND07163
7767,0,IND07163
4509,1,IDN04090
4968,1,IDN04395
1646,1,IDN01596
1738,0,IDN01596
1998,0,IDN01596
6695,1,IDN05834
5684,0,IDN05107
5706,0,IDN05107
5748,1,IDN05107
5928,0,IDN05107
5947,0,IDN05107
7441,0,IDN06401
7459,1,IDN06401
7468,0,IDN06401
7486,0,IDN06401
7495,0,IDN06401
7504,0,IDN06401
7513,0,IDN06401
7531,0,IDN06401
6785,1,IDN05906
6874,0,IDN05906
6972,0,IDN05906
3586,1,IDN03255
6845,1,IDN05918
6888,0,IDN05918
6944,0,IDN05918
6958,0,IDN05918
6985,0,IDN05918
7011,0,IDN05918
7024,0,IDN05918
7037,0,IDN05918
7790,1,IDN06674
7825,0,IDN06674
5152,0,IDN04593
5181,1,IDN04593
3096,1,IDN02706
5472,1,IDN04897
5639,0,IDN04897
5727,0,IDN04897
5769,0,IDN04897
342,1,LAO00273
5982,0,BGD03705
6000,0,BGD03705
6018,0,BGD03705
6054,0,BGD03705
6072,0,BGD03705
6090,1,BGD03705
6196,0,BGD03705
6264,0,BGD03705
6345,0,BGD03705
2155,1,BGD01749
2724,0,BGD01749
7439,1,BGD04833
7457,0,BGD04833
7475,0,BGD04833
5906,1,BGD03529
1741,1,KHM00976
10159,1,CHN09030
11079,1,CHN09871
11115,0,CHN09871
9821,0,CHN08717
9843,1,CHN08717
9891,0,CHN08717
9903,0,CHN08717
9917,0,CHN08717
9939,1,CHN08809
10849,1,CHN09711B
10891,0,CHN09711B
10907,0,CHN09711B
10913,0,CHN09711B
10921,0,CHN09711B
10923,0,CHN09711B
10961,0,CHN09711B
11047,0,CHN09715
11055,1,CHN09715
11391,0,CHN10153
11403,0,CHN10153
11407,1,CHN10153
11475,0,CHN10153
11497,0,CHN10153
11507,0,CHN10153
11515,0,CHN10153
11519,0,CHN10153
11541,0,CHN10153
11145,0,CHN09947
11165,0,CHN09947
11173,1,CHN09947
11581,0,CHN10331
11597,0,CHN10331
11601,0,CHN10331
11613,0,CHN10331
11619,0,CHN10331
11623,1,CHN10331
11634,0,CHN10331
11637,0,CHN10331
11642,0,CHN10331
11646,0,CHN10331
11647,0,CHN10331
11652,0,CHN10331
11658,0,CHN10331
11661,0,CHN10331
11666,0,CHN10331
10863,1,CHN09657
10681,0,CHN09511
10695,1,CHN09511
8485,1,CHN07492
8494,0,CHN07492
10835,1,CHN09631
10847,0,CHN09631
8013,1,CHN07076
8175,0,CHN07076
10563,0,CHN09401
10591,1,CHN09401
10651,1,CHN09471
10691,0,CHN09471
10703,0,CHN09471
11636,1,CHN10353
10023,1,CHN08891
10039,0,CHN08891
11537,0,CHN10286
11571,0,CHN10286
11575,0,CHN10286
11585,0,CHN10286
11591,0,CHN10286
11593,1,CHN10286
11603,0,CHN10286
11063,1,CHN09718
11103,0,CHN09718
11187,0,CHN09725
11203,1,CHN09725
11215,0,CHN09725
3687,1,MMR03596
5029,1,MMR04435
5318,0,MMR04435
5370,0,MMR04435
2461,0,MMR01872
2597,1,MMR01872
5633,0,PAK04692
5678,1,PAK04692
2457,1,PAK02034
178,1,SGP00154
345,0,SGP00154
489,0,LKA00434
632,1,LKA00434
768,0,LKA00434
1142,1,TAI01141
1556,0,TAI01141
182,0,TAI00770
349,0,TAI00770
906,1,TAI00770
1026,0,TAI00770
1356,0,TAI00770
1832,0,TAI01897
1919,1,TAI01897
2003,0,TAI01897
1744,1,TAI01815
501,1,TAI00491
643,0,TAI00491
1251,0,TAI00491
2315,1,THA01894
4768,1,VNM04545
3874,1,VNM03569
1452,0,VNM02207
1739,0,VNM02207
1828,0,VNM02207
1915,0,VNM02207
1999,1,VNM02207
2079,0,VNM02207
2159,0,VNM02207
2317,0,VNM02207
2464,0,VNM02207
5294,1,VNM05080
5123,0,VNM05038
5153,0,VNM05038
5239,1,VNM05038
5267,0,VNM05038
5371,0,VNM05038
7958,1,IDN06794
8035,1,IDN06878
5872,1,PHL04985
4698,1,PHL04101
4735,0,PHL04101
5525,1,PHL04750
5065,1,PHL04372
1921,0,PHL01797
2005,1,PHL01797
2085,0,PHL01797
2733,0,PHL01797
645,1,PHL00604
908,0,PHL00604
5812,1,PHL04910
2323,1,PHL02845
2983,0,PHL02845
3216,0,PHL02845
3382,0,PHL02845
3488,0,PHL02845
3540,0,PHL02845
3592,0,PHL02845
3644,0,PHL02845
3742,0,PHL02845
3922,0,PHL02845
4587,1,PHL04067
358,1,CANB_1
508,0,CANB_1
650,0,CANB_1
786,0,CANB_1
1564,1,CANA_2
1660,0,CANA_2
2013,1,CANC_1
1262,1,CANA_1
3388,0,CANH_2
3442,0,CANH_2
3494,1,CANH_2
3546,0,CANH_2
3598,0,CANH_2
3650,0,CANI_1
3700,1,CANI_1
3748,0,CANI_1
3793,0,CANI_1
3838,0,CANI_1
3883,0,CANI_1
4012,1,CANI_2
2806,0,CANH_1
2869,1,CANH_1
3051,0,CANH_1
3167,0,CANH_1
2679,1,CANH_3
2743,0,CANH_3
6113,0,MEX03C
6131,1,MEX03C
6268,0,MEX03C
6696,1,MEX35C
6621,1,MEX25C
6651,0,MEX25C
507,1,MEX06C
649,0,MEX06C
1362,1,MEX13C
1924,1,MEX20C
4134,1,MEX18C
5157,1,MEX10C
7207,0,USM01
7219,1,USM01
7231,0,USM01
7254,0,USM01
7276,0,USM01
7287,0,USM01
7309,0,USM01
7952,0,USM02
7959,1,USM02
7966,0,USM02
6622,1,USM87
8123,1,USM105
4699,1,USM15
4736,0,USM15
7756,1,USM72
7424,1,USM38
6607,1,USM42
4974,0,USM22
5098,1,USM22
5128,0,USM22
8036,1,USM78
7451,0,USM88
7478,1,USM88
5005,0,USM34
5036,1,USM34
4008,1,USM69
6502,0,USM43
6517,1,USM43
6532,0,USM43
8213,0,USM54
8219,1,USM54
8099,1,USM13
8105,0,USM13
8111,0,USM13
8117,0,USM13
8129,0,USM13
8135,0,USM13
8141,0,USM13
8153,0,USM13
8165,0,USM13
8171,0,USM13
4625,1,USM30
4662,0,USM30
7854,0,USM45
7861,1,USM45
7090,1,USM41
7833,1,USM26
5187,0,USM104
5216,1,USM104
5773,0,USM48
5794,1,USM48
5834,0,USM48
7243,1,USM27
7298,0,USM27
6712,0,USM81
6727,1,USM81
7168,1,USM11
7364,0,USM11
6184,0,USM06
6201,0,USM06
6218,0,USM06
6235,0,USM06
6252,0,USM06
6269,0,USM06
6333,0,USM06
6365,0,USM06
6397,1,USM06
6412,0,USM06
6427,0,USM06
6442,0,USM06
6472,0,USM06
6487,0,USM06
8231,1,USM80
5951,1,USM31
5970,0,USM31
8237,1,USM44
8243,0,USM44
8249,0,USM44
3273,1,USM18
3593,0,USM18
3879,0,USM18
3966,0,USM18
4172,0,USM18
4325,0,USM18
4401,0,USM18
4439,0,USM18
8183,1,USM82
8195,0,USM82
5377,1,USM47
7980,1,USM32
6973,1,USM103
6577,1,USM73
7611,1,USM40
6862,1,USM51
8050,1,USM57
8063,0,USM57
8081,0,USM57
8147,0,USM52
8159,0,USM52
8177,1,USM52
6847,0,USM23
6876,1,USM23
8001,0,USM14
8008,0,USM14
8022,0,USM14
8029,1,USM14
8043,0,USM14
8069,0,USM14
8075,0,USM14
7619,0,USM29
7627,1,USM29
7635,0,USM29
7651,0,USM29
7875,0,USM50
7882,1,USM50
7889,0,USM50
6592,1,USM84
5932,1,USM07
7675,1,USM68
4808,0,USM49
4843,1,USM49
4876,0,USM49
4941,1,USM17
3104,1,USM67
7826,1,USM101
7840,0,USM101
8189,0,USM64
8201,1,USM64
8207,0,USM64
8255,1,USM03
8261,0,USM03
8267,0,USM03
8279,0,USM03
8285,0,USM03
8291,0,USM03
6904,1,USM24
6999,0,USM24
7012,0,USM24
7064,0,USM24
7077,0,USM24
7987,1,USM58
7643,1,USM85
2471,1,USM19
2735,0,USM19
2799,0,USM19
2862,0,USM19
3045,0,USM19
7353,1,USM37
7404,0,USM37
7414,0,USM37
7559,1,USM36
7568,0,USM36
6817,1,USM89
7784,1,USM08
7812,0,USM08
7742,1,USM70
7691,0,USM04
7707,1,USM04
5913,1,USM102
7721,1,USM79
5428,0,USM65
5453,1,USM65
5478,0,USM65
6114,0,USM09
6150,0,USM09
6167,1,USM09
6285,0,USM09
6301,0,USM09
6317,0,USM09
6349,0,USM09
6381,0,USM09
7847,1,USM16
3789,0,USM46
4050,0,USM46
4092,1,USM46
4249,0,USM46
4363,0,USM46
6667,0,USM28
6697,1,USM28
3162,0,USM60
3328,0,USM60
3383,1,USM60
3834,0,USM60
6547,1,USM107
7777,0,USM55
7791,0,USM55
7798,1,USM55
7460,0,USM05
7469,0,USM05
7487,0,USM05
7496,0,USM05
7505,0,USM05
7523,0,USM05
7532,1,USM05
7541,0,USM05
7586,0,USM05
7595,0,USM05
7728,0,USM33
7735,1,USM33
7896,0,USM25
7903,0,USM25
7910,1,USM25
7917,0,USM25
7924,0,USM25
7931,0,USM25
7938,0,USM25
7945,0,USM25
6918,0,USM86
6932,1,USM86
6946,0,USM86
7181,1,USM12
6757,1,USM39
2007,1,USM10
2671,0,USM10
3489,0,USM10
3695,0,USM10
1148,1,USM59
1361,0,USM59
1560,0,USM59
1748,0,USM59
1923,0,USM59
1461,1,USM20
1656,0,USM20
2167,0,USM20
2246,0,USM20
2400,0,USM20
2607,0,USM20
2985,0,USM20
939,1,ES022C
48,1,ISL001C
394,1,IE001C
540,0,IE001C
681,0,IE001C
945,1,DZA00947
1286,0,DZA00947
3120,0,DZA03145
3343,0,DZA03145
3397,1,DZA03145
3708,0,DZA03145
3755,0,DZA03145
3800,0,DZA03145
3845,0,DZA03145
3934,0,DZA03145
1069,1,BE002C
689,1,BE003C
1778,1,BE005C
1393,1,BE004C
1290,1,BE001C
1493,0,BE001C
4055,1,CANG_1
3605,1,FR022C
3801,1,FR010C
4062,1,FR020C
2625,1,FR019C
1585,1,FR023C
1285,1,FR007C
2030,1,FR035C
818,1,FR008C
2268,1,FR004C
3978,1,FR003C
2491,0,FR001C
2688,0,FR001C
2752,0,FR001C
2815,0,FR001C
2878,1,FR001C
3287,0,FR001C
3396,0,FR001C
3449,1,FR009C
3891,1,FR011C
685,1,FR013C
2110,1,FR215C
3886,1,MAR03315
2747,1,MAR02317
1853,1,MAR01515
677,0,MAR00581
810,1,MAR00581
936,0,MAR00581
4015,1,MAR03457
2022,0,MAR01785
2102,1,MAR01785
2261,0,MAR01785
4407,1,MAR03845
1951,1,NL004C
2271,0,NL004C
825,0,NL002C
950,0,NL002C
1070,0,NL002C
1590,1,NL002C
1777,0,NL002C
1865,0,NL002C
2113,0,NL002C
2192,0,NL002C
2349,0,NL002C
2627,1,NL005C
2881,0,NL005C
65,0,NL003C
1185,1,NL003C
66,1,NO002C
245,0,NO002C
231,1,PT001C
392,0,PT001C
538,0,PT001C
679,0,PT001C
812,0,PT001C
1058,1,PT002C
4485,1,ES021C
382,1,ES025C
1059,1,ES026C
3974,1,ES019C
4522,1,ES003C
1941,0,ES004C
2024,1,ES004C
2104,0,ES004C
3229,0,ES001C
3338,1,ES001C
3550,0,ES001C
3654,0,ES001C
3704,0,ES001C
3752,0,ES001C
3797,0,ES001C
4849,0,ES002C
4915,0,ES002C
4947,0,ES002C
4978,0,ES002C
5009,0,ES002C
5040,0,ES002C
5071,1,ES002C
5102,0,ES002C
5132,0,ES002C
4333,1,ES005C
3056,0,ES006C
3115,1,ES006C
4257,1,ES007C
2997,1,ES009C
672,1,ES008C
806,0,ES008C
5161,1,ES010C
3446,1,ES501C
5218,1,UK023C
4059,1,UK016C
2417,0,UK011C
3058,1,UK011C
6080,1,UK017C
3888,1,UK002C
4370,0,UK002C
4180,0,UK003C
4219,0,UK003C
4294,0,UK003C
4332,1,UK003C
4408,0,UK003C
4778,0,UK003C
5008,0,UK003C
683,1,UK004C
941,0,UK004C
1061,0,UK004C
1176,0,UK004C
1282,0,UK004C
3230,0,UK008C
3340,1,UK008C
3499,0,UK008C
2264,1,UK006C
2557,0,UK006C
5131,1,UK560C
5039,0,UK014C
5246,0,UK014C
5327,1,UK014C
1769,0,UK007C
2186,1,UK007C
1943,1,UK009C
4595,1,UK520C
4946,0,UK520C
4521,0,UK025C
4558,1,UK025C
5160,0,UK025C
5455,1,UK528C
4706,1,UK010C
4848,0,UK010C
4881,0,UK010C
4914,0,UK010C
4446,1,UK013C
5816,1,UK001C
5953,0,UK001C
6026,0,UK001C
6062,0,UK001C
6116,0,UK001C
6152,0,UK001C
6169,0,UK001C
6237,0,UK001C
5915,1,UK515C
4742,1,UK518C
5934,1,UK026C
4017,1,UK539C
5070,1,UK029C
5189,0,UK029C
235,1,UK012C
396,0,UK012C
724,1,BLR00799
1609,1,BLR01569
1701,0,BLR01569
442,1,MDA00282
4538,1,IRN04397
4649,0,IRN04397
68,1,LU001C
436,1,MKD00441
579,0,MKD00441
87,1,MT001C
467,1,GEO00826
67,1,DE507C
5043,1,DE033C
5304,1,DE008C
3346,1,DE084C
2034,1,DE504C
3236,0,DE005C
3400,1,DE005C
3803,0,DE005C
826,1,DE011C
4064,1,DE013C
2944,1,DE020C
1072,0,DE004C
1186,1,DE004C
4918,1,DE032C
3291,1,DE035C
2756,1,DE027C
1396,1,DE034C
4337,1,DE039C
4747,1,DE083C
4819,0,DE083C
5433,0,DE001C
5483,1,DE001C
5508,0,DE001C
4184,1,DE002C
4451,0,DE002C
5249,1,DE003C
3893,0,DE007C
3937,0,DE007C
4022,1,DE007C
4526,0,DE007C
5532,1,DE009C
3004,0,DE012C
3064,0,DE012C
3180,1,DE012C
4981,1,DE014C
5012,0,DE014C
5221,1,DE018C
693,1,DE038C
1495,0,DE038C
1779,0,DE038C
1867,0,DE038C
2114,0,DE038C
2424,0,DE038C
854,1,EL001C
585,1,EL002C
840,0,HU001C
964,1,HU001C
1084,0,HU001C
5231,1,IRN04845
5259,0,IRN04845
7162,1,IRN06211
6141,1,IRN05666
4929,0,IRN04686
4961,0,IRN04686
4992,0,IRN04686
5023,0,IRN04686
5085,0,IRN04686
5174,1,IRN04686
1432,1,IRN00967
3627,1,IRN03677
6911,1,IRN06042
879,1,IRN00417
5720,1,IRN05291
5803,0,IRN05291
5843,0,IRN05291
6897,1,IRN06030
3084,1,IRN03000
3307,1,IRQ02709
3416,0,IRQ02709
3571,0,IRQ02709
3722,0,IRQ02709
3815,0,IRQ02709
601,1,ISR00564
1318,0,ISR00564
1886,0,ISR00564
457,1,ISR00419
1101,0,ISR00419
1420,0,ISR00419
1520,0,ISR00419
1616,0,ISR00419
2131,0,ISR01507
2289,1,ISR01507
3347,1,IT028C
3454,1,IT011C
3610,0,IT011C
3005,1,IT007C
4820,1,IT010C
3849,0,IT001C
3894,0,IT001C
3938,1,IT001C
4106,0,IT001C
4146,0,IT001C
4185,0,IT001C
3065,1,IT009C
1782,1,IT511C
70,1,IT004C
2694,1,IT012C
4490,1,IT003C
4564,0,IT003C
4601,0,IT003C
1074,1,IT006C
4376,1,IT005C
4414,0,IT005C
5136,0,IT008C
5194,1,IT008C
954,0,IT002C
1189,0,IT002C
1498,1,IT002C
992,1,JOR00567
1802,0,JOR00567
1634,1,KAZ01510
149,0,KWT00429
321,0,KWT00429
475,1,KWT00429
102,1,LV001C
458,1,LBN00431
742,0,LBN00431
258,1,LBY00433
578,1,LT001C
714,1,ALB00650
5303,1,DZA04709
5329,0,DZA04709
5381,0,DZA04709
5407,0,DZA04709
312,1,ARM00359
701,1,AT003C
961,1,AT002C
1081,1,AT001C
2062,0,AZE01744
2221,1,AZE01744
152,1,BHR00016
1778,1,BE005C
426,1,BIH00798
285,1,BG002C
109,1,BG001C
856,1,BG003C
419,1,HR001C
123,0,CY001C
450,1,CY001C
1194,1,CZ002C
416,0,CZ001C
560,1,CZ001C
1404,1,CZ003C
1504,0,CZ003C
249,1,DK002C
557,0,DK001C
698,1,DK001C
3135,0,EGY03981
3670,0,EGY03981
3812,0,EGY03981
4343,0,EGY03981
4457,0,EGY03981
4605,1,EGY03981
4922,0,EGY03981
6029,0,EGY03981
6155,0,EGY03981
6206,0,EGY03981
6223,0,EGY03981
6257,0,EGY03981
6274,0,EGY03981
6322,0,EGY03981
6338,0,EGY03981
6386,0,EGY03981
6401,0,EGY03981
6416,0,EGY03981
6566,0,EGY03981
6611,0,EGY03981
291,1,EGY00233
447,0,EGY00233
7222,1,EGY06229
7257,0,EGY06229
7290,0,EGY06229
4985,0,EGY04710
5078,0,EGY04710
5167,1,EGY04710
5672,0,EGY04710
7132,1,EGY06038
6990,1,EGY05952
4230,1,EGY03715
99,1,EE001C
425,1,FI002C
572,1,FI001C
4260,1,FR026C
4782,1,FR006C
4412,1,FR016C
4143,0,FR203C
4182,1,FR203C
4221,0,FR203C
4746,1,FR205C
4450,1,FR032C
272,1,MNE00116
3452,1,NL007C
2881,0,NL005C
828,1,NO001C
4301,1,PL011C
1874,1,PL008C
3183,1,PL002C
3712,1,PL001C
3760,0,PL001C
3850,0,PL001C
1599,1,PL004C
3662,1,PL003C
1402,1,PL005C
1786,0,PL006C
1959,0,PL006C
2039,0,PL006C
2198,1,PL006C
80,1,PL007C
4339,1,PL009C
2948,0,PL010C
3008,1,PL010C
3239,0,PL010C
3294,0,PL010C
2359,1,RO001C
2571,1,RO502C
586,1,RU00750
725,0,RU00750
852,0,RU00750
2438,0,RU02262
2576,1,RU02262
2641,0,RU02262
2705,0,RU02262
2956,0,RU02262
3076,0,RU02262
3190,0,RU02262
3246,0,RU02262
3356,0,RU02262
3617,1,RU02907
6867,1,RU05816
6881,0,RU05816
4987,1,RU04034
5049,0,RU04034
7358,1,RU06191
7378,0,RU06191
7388,0,RU06191
6718,1,RU05686
7161,0,RU06046
7174,1,RU06046
7200,0,RU06046
5901,1,RU04829
4306,1,RU03515
4344,0,RU03515
6433,1,RU05429
6031,1,RU05035
6067,0,RU05035
5462,1,RU04407
5560,0,RU04407
5080,1,RU04139
7248,1,RU06106
7336,1,RU06167
7057,1,RU05972
4644,1,RU03736
5881,1,RU04854
5939,0,RU04854
7347,0,RU06179
7368,1,RU06179
3668,1,RU02850
6418,1,RU05413
4382,1,RU03560
7018,1,RU05936
5958,1,RU04937
5977,0,RU04937
6013,0,RU04937
6049,0,RU04937
6923,0,RU05864
6937,1,RU05864
4152,1,RU03326
3524,0,SAU03691
3576,1,SAU03691
3679,0,SAU03691
3727,0,SAU03691
573,1,RS00758
715,0,RS00758
89,1,SK001C
82,1,SI001C
75,1,SE002C
558,1,SE003C
699,0,SE003C
1598,0,SE001C
1693,1,SE001C
1785,0,SE001C
1873,0,SE001C
1689,1,CH001C
953,1,CH004C
247,1,CH005C
69,1,CH002C
1073,1,CH003C
1236,1,TJK01022
2117,1,TUN02340
1296,0,TUN01545
1399,1,TUN01545
1783,1,TUN02049
1871,0,TUN02049
2637,1,TR01637
1094,1,TR00633
1206,0,TR00633
6597,1,TR05494
4888,0,TR03650
4921,1,TR03650
4984,0,TR03650
5015,0,TR03650
3666,1,TR02734
6447,0,TR05414
6477,1,TR05414
5077,1,TR03779
6207,1,TR05155
6066,1,TR04988
6156,0,TR05137
6173,1,TR05137
4529,1,TR03471
5628,1,TR04475
5559,1,TR04376
3898,0,TR03022
4027,1,TR03022
3072,0,TR02199
3130,1,TR02199
5511,1,TR04309
5582,0,TR04309
1005,0,TKM01138
1121,1,TKM01138
2125,1,UR02203
2282,0,UR02203
2573,1,UR02737
2638,0,UR02737
3618,1,UR03608
3013,1,UR03128
720,1,UR00773
3811,1,UR03818
3766,1,UR03780
2907,1,UZB02481
3028,0,UZB02481
3202,0,UZB02481
3258,0,UZB02481
3313,0,UZB02481
7921,0,IND07466
7949,0,IND07466
7963,1,IND07466
8026,0,IND07466
8047,0,IND07466
8096,0,IND07466
8126,0,IND07466
8340,0,IND07466
8400,0,IND07466
11494,0,IND10496
11500,1,IND10496
9936,0,IND09500
9968,1,IND09500
5657,1,IND05617
1991,1,IND02091
2458,0,IND02091
4316,1,IND04396
3371,1,IND03357
4542,1,IND04685
7687,1,IND07320
7844,0,IND07320
8666,1,IND07933
10540,0,IND10017
10586,1,IND10017
8626,1,IND07895
6229,1,IND06065
9244,1,IND08722
8305,1,IND07643
9346,1,IND08848
9658,1,IND09195
8860,1,IND08224
7151,1,IND06781
8806,1,IND08144
5315,1,IND05324
8660,1,IND07957
907,1,JPN04C
1557,0,JPN04C
351,1,JPN05C
1027,1,JPN09C
2847,1,KAZ02583
764,1,KYR01091
4865,1,AFG02352
5116,0,AFG02352
7915,1,CHN07004
11605,0,CHN10328
11621,1,CHN10328
11640,0,CHN10328
11645,0,CHN10328
11655,0,CHN10328
11657,0,CHN10328
11667,0,CHN10328
7440,1,CHN06640
9139,0,CHN08057
9191,1,CHN08057
8853,1,CHN07798
9281,1,CHN08185
7943,1,CHN07052
8027,0,CHN07052
8326,1,CHN07359
10001,0,CHN08981
10043,0,CHN08981
10079,0,CHN08981
10085,0,CHN08981
10125,1,CHN08981
10171,0,CHN08981
9761,1,CHN08620
9817,0,CHN08620
10585,1,CHN09423
10625,0,CHN09423
10123,0,CHN08989
10131,1,CHN08989
10149,0,CHN08989
10213,0,CHN08989
10221,0,CHN08989
9781,1,CHN08644
10629,1,CHN09459
10099,1,CHN08963
4356,1,CHN03828
4692,0,CHN03828
11113,1,CHN09917
11121,0,CHN09917
10941,1,CHN09743
9921,1,CHN08777
8945,1,CHN07884
8957,0,CHN07884
11037,1,CHN09831
11081,0,CHN09831
9603,1,CHN08476
8427,1,CHN07441
10663,1,CHN09487
10543,1,CHN09393
10579,0,CHN09393
9723,0,CHN08664
9773,0,CHN08664
9797,0,CHN08664
9801,1,CHN08664
9859,0,CHN08664
10481,1,CHN09333
9633,1,CHN08506
10113,1,CHN08973
9107,1,CHN08043
9137,0,CHN08043
9165,0,CHN08043
7999,1,CHN07088
10037,0,CHN08909
10041,1,CHN08909
10335,1,CHN09192
10983,0,CHN09793
11003,1,CHN09793
6664,1,CHN05963
9765,0,CHN08630
9779,1,CHN08630
6943,1,CHN06206
2659,1,CHN02293
9793,1,CHN08658
5236,1,CHN04760
5369,0,CHN04760
11211,1,CHN09981
8719,0,CHN07704
8737,0,CHN07704
8745,1,CHN07704
8783,0,CHN07704
8795,0,CHN07704
8879,0,CHN07704
8921,0,CHN07704
8983,0,CHN07704
8503,0,CHN07578
8515,0,CHN07578
8518,0,CHN07578
8557,1,CHN07578
8631,0,CHN07578
8643,0,CHN07578
8647,0,CHN07578
8651,0,CHN07578
10721,1,CHN09531
10727,0,CHN09531
10735,0,CHN09531
8685,1,CHN07656
9351,1,CHN08249
9481,1,CHN08358
11345,1,CHN10097
11355,0,CHN10097
11375,0,CHN10097
11405,0,CHN10097
11429,0,CHN10097
11443,0,CHN10097
11445,0,CHN10097
11463,0,CHN10097
11473,0,CHN10097
11483,0,CHN10097
11523,0,CHN10097
5847,1,CHN05335
8975,1,CHN07912
9495,1,CHN08366
9685,1,CHN08552
9831,1,CHN08699
10323,1,CHN09186
7866,0,CHN06950
7873,0,CHN06950
7901,1,CHN06950
9023,1,CHN07960
9405,1,CHN08302
11015,1,CHN09805
11025,0,CHN09805
9229,1,CHN08159
9315,0,CHN08159
9331,0,CHN08159
11335,0,CHN10118
11361,0,CHN10118
11365,1,CHN10118
11387,0,CHN10118
9409,1,CHN08298
9025,1,CHN07962
9035,0,CHN07962
9715,1,CHN08578
8993,0,CHN07952
9019,1,CHN07952
9061,0,CHN07952
9071,0,CHN07952
9703,1,CHN08566
10339,0,CHN09261
10363,0,CHN09261
10391,0,CHN09261
10403,1,CHN09261
8584,1,CHN07590
11225,1,CHN09987
11191,0,CHN09963
11199,1,CHN09963
11201,0,CHN09963
11231,0,CHN09963
11241,0,CHN09963
11257,0,CHN09963
11263,0,CHN09963
11277,0,CHN09963
11289,0,CHN09963
11291,0,CHN09963
11305,0,CHN09963
11319,0,CHN09963
9051,0,CHN08039
9113,1,CHN08039
10237,1,CHN09108
6214,1,CHN05738
8789,1,CHN07744
8823,0,CHN07744
8889,0,CHN07744
10927,1,CHN09731
10971,0,CHN09731
9863,0,CHN08753
9871,0,CHN08753
9881,1,CHN08753
9201,0,CHN08157
9213,0,CHN08157
9239,0,CHN08157
9241,1,CHN08157
9289,0,CHN08157
11311,1,CHN10078
11323,0,CHN10078
11357,0,CHN10078
11367,0,CHN10078
11383,0,CHN10078
11419,0,CHN10078
11431,0,CHN10078
10915,1,CHN09703
10935,0,CHN09703
10939,0,CHN09703
10321,1,CHN09184
10973,1,CHN09769
10987,0,CHN09769
10991,0,CHN09769
10353,1,CHN09208
10473,0,CHN09208
10491,0,CHN09208
10505,0,CHN09208
10715,1,CHN09525
10753,0,CHN09525
10773,0,CHN09525
4655,1,CHN04150
10887,1,CHN09701
10977,0,CHN09701
8797,1,CHN07748
10229,1,CHN09100
9909,1,CHN08781
8877,0,CHN07832
8905,1,CHN07832
8969,0,CHN07832
9637,1,CHN08510
9669,0,CHN08510
11648,0,CHN10392
11662,0,CHN10392
11665,1,CHN10392
11670,0,CHN10392
11673,0,CHN10392
11676,0,CHN10392
11681,0,CHN10392
8331,1,CHN07364
6604,1,CHN05939
10361,0,CHN09309
10431,0,CHN09309
10449,1,CHN09309
10029,1,CHN08895
8536,1,CHN07540
9693,1,CHN08556
9757,1,CHN08626
9809,0,CHN08626
7852,1,CHN06944
9387,1,CHN08274
6298,0,CHN05723
6330,0,CHN05723
6378,1,CHN05723
6394,0,CHN05723
6514,0,CHN05723
6619,0,CHN05723
6634,0,CHN05723
6829,0,CHN05723
9429,1,CHN08356
11595,0,CHN10339
11630,1,CHN10339
11639,0,CHN10339
11649,0,CHN10339
11654,0,CHN10339
9431,1,CHN08330
9491,0,CHN08330
10101,1,CHN08967
10831,1,CHN09629
10905,0,CHN09629
11549,0,CHN10282
11563,1,CHN10282
11569,0,CHN10282
11583,0,CHN10282
11615,0,CHN10282
9141,1,CHN08075
10129,0,CHN09008
10143,1,CHN09008
10813,1,CHN09617
11259,1,CHN10024
11287,0,CHN10024
10457,1,CHN09325
10437,1,CHN09299
9579,1,CHN08456
8006,1,CHN07094
8103,0,CHN07094
8193,0,CHN07094
8271,0,CHN07094
9211,0,CHN08189
9217,0,CHN08189
9243,0,CHN08189
9277,1,CHN08189
9377,0,CHN08189
9731,1,CHN08604
9489,1,CHN08372
9511,0,CHN08372
10645,1,CHN09469
11379,1,CHN10136
9069,0,CHN08055
9127,1,CHN08055
9169,0,CHN08055
9263,0,CHN08055
9879,1,CHN08747
9929,0,CHN08747
9949,0,CHN08747
10397,1,CHN09263
10073,1,CHN08935
10105,0,CHN08935
10199,1,CHN09062
9455,1,CHN08334
9445,1,CHN08332
337,1,MON00117
1822,1,NPL01525
1127,1,PAK01112
7428,1,PAK06153
7544,0,PAK06153
7654,0,PAK06153
7766,0,PAK06153
6912,1,PAK05717
4201,0,PAK03270
4277,1,PAK03270
4353,0,PAK03270
4467,0,PAK03270
4652,0,PAK03270
4762,0,PAK03270
4931,0,PAK03270
5025,0,PAK03270
5233,0,PAK03270
5261,0,PAK03270
5467,0,PAK03270
5564,0,PAK03270
6766,1,PAK05621
6940,0,PAK05621
7724,0,PAK06422
7738,1,PAK06422
7857,0,PAK06422
7694,0,PAK06458
7710,0,PAK06458
7759,0,PAK06458
7794,1,PAK06458
7920,0,PAK06458
7934,0,PAK06458
7941,0,PAK06458
7418,1,RU06280
7499,1,RU06340
7508,0,RU06340
7649,1,RU06495
7665,0,RU06522
7673,1,RU06522
7681,0,RU06522
7463,0,RU06311
7472,1,RU06311
7481,0,RU06311
7582,0,RU06423
7591,1,RU06423
3740,0,KOR07C
3831,1,KOR07C
181,0,KOR01C
348,1,KOR01C
500,0,KOR01C
642,0,KOR01C
905,0,KOR01C
1025,0,KOR01C
1141,0,KOR01C
1355,0,KOR01C
3433,0,KOR02C
3589,0,KOR02C
3641,0,KOR02C
3876,0,KOR02C
3920,1,KOR02C
2920,1,KOR03C
2667,1,KOR04C
2241,1,KOR05C
3324,1,KOR06C
3485,0,KOR06C
3786,0,KOR06C
5851,0,JPN01C
5891,0,JPN01C
5929,1,JPN01C
5948,0,JPN01C
6199,0,JPN01C
6216,0,JPN01C
6233,0,JPN01C
6267,0,JPN01C
2732,1,JPN11C
5831,1,JPN14C
4907,1,JPN15C
5871,1,JPN16C
3381,1,JPN19C
3435,0,JPN19C
3642,1,JPN25C
4399,1,JPN02C
4734,0,JPN02C
4770,0,JPN02C
4874,0,JPN02C
5125,0,JPN02C
5213,1,JPN03C
5269,0,JPN03C
5374,0,JPN03C
5663,0,JPN03C
5500,1,JPN06C
5595,0,JPN06C
3921,1,JPN07C
2921,1,JPN08C
